{
 "n": 2436,
 "lam": 3.0,
 "r2": 0.47820835093786507,
 "gamma0": 0.061210138174025645,
 "gamma": {
  "Polarity": -0.10203046251789212,
  "Length": -0.06534501063638226
 },
 "w": {
  "A1": 0.4233769966759586,
  "A2": -0.14536569299780072,
  "A3": -0.4520273235804509,
  "A4": 0.4679575681674996,
  "A5": -0.4520273235804509,
  "C1": -0.4520273235804509,
  "C2": -0.4520273235804509,
  "C3": -0.7586889541631011,
  "C4": 0.7300386272586087,
  "C5": 1.6500235190065593,
  "E1": 1.3433618884239091,
  "E2": 0.7300386272586087,
  "E3": -0.4520273235804509,
  "E4": 0.1612959375848494,
  "E5": 0.4679575681674996,
  "N1": 1.6500235190065593,
  "N2": 1.6500235190065593,
  "N3": 1.3433618884239091,
  "N4": 1.6500235190065593,
  "N5": 1.956685149589209,
  "O1": -0.14536569299780072,
  "O2": 1.3433618884239091,
  "O3": -1.0653505847457512,
  "O4": -0.4520273235804509,
  "O5": 0.4233769966759586
 },
 "phi": 0.08680672381177135,
 "phi_clf": 0.276197758870668,
 "share_mean": 0.03747902730195456,
 "share_max": 0.12662159255306604,
 "fit": {
  "base": [
   4165.4701357943295,
   265,
   0.7823655683356195,
   0.07774743300307597
  ],
  "clf": [
   4153.511937950512,
   264,
   0.7829770026183536,
   0.07778504515971298
  ],
  "famf": [
   3612.685285808736,
   264,
   0.8131534933925497,
   0.07217482187215925
  ]
 },
 "corr_base": {
  "A-C": 0.33387842475488155,
  "A-E": 0.68254373572846,
  "A-N": 0.2234112840481214,
  "A-O": 0.30332916675622906,
  "C-E": 0.35732096906833544,
  "C-N": 0.2827555505180822,
  "C-O": 0.3010829212448144,
  "E-N": 0.2438515072863624,
  "E-O": 0.45266185269550163,
  "N-O": 0.11202779139593656
 },
 "corr_famf": {
  "A-C": 0.3431793738668395,
  "A-E": 0.6980742239361243,
  "A-N": 0.2934645406662564,
  "A-O": 0.2890911283816711,
  "C-E": 0.3433660263169096,
  "C-N": 0.24641627410549727,
  "C-O": 0.30906146854651784,
  "E-N": 0.20944288102402886,
  "E-O": 0.4772453567278691,
  "N-O": 0.17867064437944014
 },
 "corr_clf": {
  "A-C": 0.052795821523304906,
  "A-E": 0.5015083851547395,
  "A-N": 0.08580240938944249,
  "A-O": -Infinity,
  "C-E": -0.0024227040319289303,
  "C-N": 0.15628045019312123,
  "C-O": -Infinity,
  "E-N": 0.09578896907379504,
  "E-O": -Infinity,
  "N-O": -Infinity
 }
}